{"files":["beuseexport.com_wpvivid-66180b6380e5c_2024-04-11-23-10_backup_db.sql"],"tables":[{"name":"qD2Xrfv_chaty_contact_form_leads","size":16384,"rows":"0"},{"name":"qD2Xrfv_wc_category_lookup","size":16384,"rows":"18"},{"name":"qD2Xrfv_wc_reserved_stock","size":16384,"rows":"0"},{"name":"qD2Xrfv_woocommerce_shipping_zone_methods","size":16384,"rows":"0"},{"name":"qD2Xrfv_woocommerce_shipping_zones","size":16384,"rows":"0"},{"name":"qD2Xrfv_actionscheduler_claims","size":32768,"rows":"0"},{"name":"qD2Xrfv_actionscheduler_groups","size":32768,"rows":"4"},{"name":"qD2Xrfv_links","size":32768,"rows":"0"},{"name":"qD2Xrfv_term_relationships","size":32768,"rows":"130"},{"name":"qD2Xrfv_wc_product_attributes_lookup","size":32768,"rows":"0"},{"name":"qD2Xrfv_wc_product_download_directories","size":32768,"rows":"2"},{"name":"qD2Xrfv_wc_rate_limits","size":32768,"rows":"0"},{"name":"qD2Xrfv_wc_tax_rate_classes","size":32768,"rows":"2"},{"name":"qD2Xrfv_wc_webhooks","size":32768,"rows":"0"},{"name":"qD2Xrfv_woocommerce_attribute_taxonomies","size":32768,"rows":"0"},{"name":"qD2Xrfv_woocommerce_log","size":32768,"rows":"0"},{"name":"qD2Xrfv_woocommerce_order_items","size":32768,"rows":"0"},{"name":"qD2Xrfv_woocommerce_payment_tokens","size":32768,"rows":"0"},{"name":"qD2Xrfv_woocommerce_sessions","size":32768,"rows":"1"},{"name":"qD2Xrfv_yith_wcwl","size":32768,"rows":"43"},{"name":"qD2Xrfv_commentmeta","size":49152,"rows":"0"},{"name":"qD2Xrfv_social_users","size":49152,"rows":"0"},{"name":"qD2Xrfv_term_taxonomy","size":49152,"rows":"44"},{"name":"qD2Xrfv_termmeta","size":49152,"rows":"33"},{"name":"qD2Xrfv_terms","size":49152,"rows":"44"},{"name":"qD2Xrfv_usermeta","size":49152,"rows":"70"},{"name":"qD2Xrfv_wc_customer_lookup","size":49152,"rows":"0"},{"name":"qD2Xrfv_wc_download_log","size":49152,"rows":"0"},{"name":"qD2Xrfv_wc_order_coupon_lookup","size":49152,"rows":"0"},{"name":"qD2Xrfv_wc_order_operational_data","size":49152,"rows":"0"},{"name":"qD2Xrfv_wc_order_tax_lookup","size":49152,"rows":"0"},{"name":"qD2Xrfv_wc_orders_meta","size":49152,"rows":"0"},{"name":"qD2Xrfv_woocommerce_api_keys","size":49152,"rows":"0"},{"name":"qD2Xrfv_woocommerce_order_itemmeta","size":49152,"rows":"0"},{"name":"qD2Xrfv_woocommerce_payment_tokenmeta","size":49152,"rows":"0"},{"name":"qD2Xrfv_woocommerce_shipping_zone_locations","size":49152,"rows":"0"},{"name":"qD2Xrfv_woocommerce_tax_rate_locations","size":49152,"rows":"0"},{"name":"qD2Xrfv_yith_wcwl_lists","size":49152,"rows":"21"},{"name":"qD2Xrfv_users","size":65536,"rows":"0"},{"name":"qD2Xrfv_wc_admin_notes","size":65536,"rows":"73"},{"name":"qD2Xrfv_wc_order_stats","size":65536,"rows":"0"},{"name":"qD2Xrfv_wc_admin_note_actions","size":81920,"rows":"108"},{"name":"qD2Xrfv_wc_order_addresses","size":81920,"rows":"0"},{"name":"qD2Xrfv_wc_order_product_lookup","size":81920,"rows":"0"},{"name":"qD2Xrfv_woocommerce_downloadable_product_permissions","size":81920,"rows":"0"},{"name":"qD2Xrfv_woocommerce_tax_rates","size":81920,"rows":"0"},{"name":"qD2Xrfv_comments","size":98304,"rows":"0"},{"name":"qD2Xrfv_actionscheduler_logs","size":114688,"rows":"500"},{"name":"qD2Xrfv_wc_product_meta_lookup","size":114688,"rows":"23"},{"name":"qD2Xrfv_wc_orders","size":131072,"rows":"0"},{"name":"qD2Xrfv_actionscheduler_actions","size":212992,"rows":"177"},{"name":"qD2Xrfv_postmeta","size":573440,"rows":"1417"},{"name":"qD2Xrfv_options","size":4308992,"rows":"727"},{"name":"qD2Xrfv_posts","size":5963776,"rows":"879"}],"dump_db":1,"file_type":"databases","home_url":"https:\/\/beuseexport.com","root_flag":"custom","php_version":"8.1.27","mysql_version":"8.0.36","wp_version":"6.5.2","find_zero_date":1,"file":"beuseexport.com_wpvivid-66180b6380e5c_2024-04-11-23-10_backup_db.part001.zip"}